<?xml version="1.0" encoding="ISO-8859-1"?>
<refentry xmlns="http://docbook.org/ns/docbook" xmlns:xlink="http://www.w3.org/1999/xlink" xmlns:svg="http://www.w3.org/2000/svg" xmlns:mml="http://www.w3.org/1998/Math/MathML" xmlns:db="http://docbook.org/ns/docbook" version="5.0-subset Scilab" xml:lang="en" xml:id="interval"><info><pubdate>5-Feb-2007</pubdate></info><refnamediv><refname>interval</refname><refpurpose>  Creation of an interval vector or matrix</refpurpose></refnamediv>
  
  
  
  
  

  <refsynopsisdiv><title>Calling Sequence</title><synopsis>t=interval(x,y)</synopsis></refsynopsisdiv>

  <refsection><title>Parameters</title><variablelist><varlistentry><term>x,y</term><listitem><para>
	       :similar size real vectors or matrices
       </para></listitem></varlistentry><varlistentry><term>t</term><listitem><para>interval vector or matrix
       </para></listitem></varlistentry></variablelist></refsection>
 
  <refsection><title>Description</title><itemizedlist><listitem><para>
<literal>interval(x,y) </literal> is the interval vector or matrix created with the inferior bound vector or matrix <literal>x </literal> and the superior bound vector or matrix <literal>y</literal>. The component <literal>t(i,j)</literal> of <literal>t </literal> is printed <literal>|x(i,j),y(i,j)|</literal>. Mathematicaly, it represents any real included in the interval <literal>|x(i,j),y(i,j)|</literal> [Hansen 03].
     </para><para>
The notation <literal>interval(x) </literal> is equivalent to <literal>interval(x,x) </literal>. Such an interval <literal>|x,x|</literal> is called a degenrate interval [Hansen 03].
If <literal>x </literal> or  <literal>y</literal> are single reals, it's assumed that the lower or upper bound is constant for each <literal>t </literal> component.
	</para><para>
<literal>t </literal> is stored as a "mlist" named "InterM". <literal>t </literal> elements are :

  <variablelist><varlistentry><term>t.dims </term><listitem><para>returns the bounds size matrix, considered as the interval size matrix.
       </para></listitem></varlistentry><varlistentry><term>t.inf</term><listitem><para>returns the inferior bound. Here t.inf is x.
	</para></listitem></varlistentry><varlistentry><term>t.sup </term><listitem><para>returns the inferior bound. Here t.sup is y.
	</para></listitem></varlistentry><varlistentry><term>t.arith</term><listitem><para>returns the arithmetic type.
	</para></listitem></varlistentry><varlistentry><term>t.mode </term><listitem><para>returns the rounding precision mode.
	</para></listitem></varlistentry></variablelist>
 
     </para></listitem></itemizedlist></refsection>

  <refsection><title>Examples</title><programlisting role="example"><![CDATA[
t=interval(1,2);
		    
A=[1,2;3,4];
B=[2,3;4,5];
interval(A,B);
interval(A,5);
C=interval(A); // degenerate interval matrix
  ]]></programlisting></refsection>

  
  <refsection><title>See Also</title><simplelist type="inline">
	  <member> <link linkend="I4S_Functions">I4S_Functions</link> </member>
	  <member> <link linkend="I4S_Basic_Func">I4S_Basic_Func</link> </member>
	  <member> <link linkend="I4S_Arith_Op">I4S_Arith_Op</link> </member>
	  <member> <link linkend="I4S_Arith_Func">I4S_Arith_Func</link> </member>
  </simplelist></refsection>
  

  <refsection><title>Authors</title><variablelist><varlistentry><term>Raphael PEREIRA, David DANEY</term><listitem><para>
	<para>COPRIN Project</para>
    	<para>INRIA Sophia Antipolis</para>    
    </para></listitem></varlistentry></variablelist></refsection>

 <refsection><title>Bibliography</title><para>
    <para> [Hansen03] E. Hansen, and G. W. Walster, Global Optimization Using Interval Analysis Marcel Dekker, 2003. </para> 
   <para> [Jaulin01] L. Jaulin, M. Kieffer, O. Didrit and E. Walter, Applied Interval Analysis with Examples in Parameter and State Estimation,
    Robust Control and Robotics, Springer-Verlag, 2001.</para>
   <para> [Rump99]  S. M. Rump, Fast And Parallel Interval Arithmetic, Springer Netherlands, 1999.</para>
   <para> [Kearfott96] R. Baker Kearfott, Rigorous Global Search: Continuous Problems, Kluwer Academic Publishers, 1996. </para> 
   <para> [Neumaier90] A. Neumaier, Interval Methods For Systems Of Equations, Cambridge Univ. Press, 1990. </para> 
   <para> [Moore66] R. E. Moore, Interval Analysis, Prentice Hall, 1966. </para>
    </para></refsection>

</refentry>
