<?xml version="1.0" encoding="UTF-8"?>
<!DOCTYPE book [
<!--Begin Entities-->
<!ENTITY aa052151f37a50d1b66247c651be39187 SYSTEM "file:///c:/Program Files/scilab-5.4.1/contrib/int4sci-v2.0.1/help/en_US/I4S_Arith_Func.xml">
<!ENTITY abacf37c6adaafc797d4e33dc344f23c2 SYSTEM "file:///c:/Program Files/scilab-5.4.1/contrib/int4sci-v2.0.1/help/en_US/I4S_Arith_Op.xml">
<!ENTITY ac561ccc43e2e3ac5c810707f40952c8e SYSTEM "file:///c:/Program Files/scilab-5.4.1/contrib/int4sci-v2.0.1/help/en_US/I4S_Authors.xml">
<!ENTITY a1fb522ab78d79b4d002f79ef35711a00 SYSTEM "file:///c:/Program Files/scilab-5.4.1/contrib/int4sci-v2.0.1/help/en_US/I4S_Basic_Func.xml">
<!ENTITY a343d42da13757170b630e6445bcec5a8 SYSTEM "file:///c:/Program Files/scilab-5.4.1/contrib/int4sci-v2.0.1/help/en_US/I4S_Basic_Tools.xml">
<!ENTITY aec2a6f2333eeec8495a1e34505d3f7b2 SYSTEM "file:///c:/Program Files/scilab-5.4.1/contrib/int4sci-v2.0.1/help/en_US/I4S_Bibliography.xml">
<!ENTITY aa9bc9171c311504d8785e159581c8739 SYSTEM "file:///c:/Program Files/scilab-5.4.1/contrib/int4sci-v2.0.1/help/en_US/I4S_Error.xml">
<!ENTITY a13b1efb77dc3f98d6d25447682b1f253 SYSTEM "file:///c:/Program Files/scilab-5.4.1/contrib/int4sci-v2.0.1/help/en_US/I4S_Functions.xml">
<!ENTITY ae433b2cbb310d1fb78e045fbaba7d5a2 SYSTEM "file:///c:/Program Files/scilab-5.4.1/contrib/int4sci-v2.0.1/help/en_US/I4S_Poly.xml">
<!ENTITY a70e9dc6aee92a4796b8abedd49b7ffab SYSTEM "file:///c:/Program Files/scilab-5.4.1/contrib/int4sci-v2.0.1/help/en_US/I4Slinearsolve.xml">
<!ENTITY aa663a9e4a9e2552cf4111e0abcf18f74 SYSTEM "file:///c:/Program Files/scilab-5.4.1/contrib/int4sci-v2.0.1/help/en_US/interval.xml">
<!--End Entities-->
]>
<book version="5.0-subset Scilab" xml:lang="en_US"
      xmlns="http://docbook.org/ns/docbook"
      xmlns:xlink="http://www.w3.org/1999/xlink"
      xmlns:xi="http://www.w3.org/2001/XInclude"
      xmlns:svg="http://www.w3.org/2000/svg"
      xmlns:mml="http://www.w3.org/1998/Math/MathML"
      xmlns:html="http://www.w3.org/1999/xhtml"
      xmlns:db="http://docbook.org/ns/docbook">
  <info xml:id='int4sci_manual'>
    <title>Int4Sci</title>
  </info>

<part xml:id='section_51a9247bfab238242ad6c95cef84dd56'>
<title>Int4Sci</title>
&aa052151f37a50d1b66247c651be39187;
&abacf37c6adaafc797d4e33dc344f23c2;
&ac561ccc43e2e3ac5c810707f40952c8e;
&a1fb522ab78d79b4d002f79ef35711a00;
&a343d42da13757170b630e6445bcec5a8;
&aec2a6f2333eeec8495a1e34505d3f7b2;
&aa9bc9171c311504d8785e159581c8739;
&a13b1efb77dc3f98d6d25447682b1f253;
&ae433b2cbb310d1fb78e045fbaba7d5a2;
&a70e9dc6aee92a4796b8abedd49b7ffab;
&aa663a9e4a9e2552cf4111e0abcf18f74;
</part>
</book>
